Admin2_Code,d1,d2,d3,d4,d5,d6,d7,d8,d9,d10,d11,d12,d13,d14,d15,d16,d17,d18,d19,d20,d21,d22,d23,d24,d25,d26,d27,d28,d29,d30,d31
District,01/02/21,11/02/21,21/02/21,01/03/21,11/03/21,21/03/21,01/04/21,11/04/21,21/04/21,01/05/21,11/05/21,21/05/21,01/06/21,11/06/21,21/06/21,01/07/21,11/07/21,21/07/21,01/08/21,11/08/21,21/08/21,01/09/21,11/09/21,21/09/21,01/10/21,11/10/21,21/10/21,01/11/21,11/11/21,21/11/21,01/12/21
MZ0101,181.2061069,190.8778626,157.648855,335.3053435,386.8931298,423.6030534,204.0839695,150.2977099,98.40458015,83.57251908,34.20610687,7.580152672,5.954198473,16.41221374,18.86259542,14.10687023,9.335877863,8.160305344,6.290076336,5.671755725,4.229007634,4.122137405,3.687022901,3.145038168,3.335877863,3.625954198,12.11450382,13.73282443,14.54198473,6.404580153,3.770992366
MZ0102,227.2253521,248.0915493,192.5352113,297.9084507,382.9859155,442.7394366,281.0774648,133.3098592,39.17605634,24.77464789,14.76760563,2.732394366,2.894366197,3.23943662,3.549295775,2.14084507,0.992957746,0.415492958,0.964788732,1.985915493,2.936619718,2.584507042,1.978873239,1.816901408,2.718309859,3.528169014,12.1056338,13.73943662,14.3028169,5.183098592,3.323943662
MZ0103,178.8013245,191,151.7284768,309.6490066,358.8675497,413.9006623,217.384106,155.6423841,87.8013245,68.70198675,31.61589404,6.993377483,5.450331126,11.39072848,12.90728477,9.543046358,6.801324503,6.390728477,5.238410596,5.225165563,4.456953642,4.245033113,3.443708609,2.973509934,4.092715232,4.920529801,14.24503311,16.21192053,17.67549669,8.463576159,4.907284768
MZ0104,85.2,144.8,143.2,282.8,249.2,238.8,86.4,112.8,150.2,130.4,64.4,14.4,11.6,34,38.4,30.4,19.4,13,10,8.4,6.4,4.6,2.6,2,3,5.8,9,9.6,8.8,6,4.4
MZ0105,108,123.9090909,125.5454545,299.8181818,271.1818182,292.8181818,163.8181818,192.9090909,202.6363636,132.0909091,68.72727273,21,18.18181818,47.09090909,50.27272727,32.27272727,22.45454545,15.90909091,14.09090909,10.72727273,5.909090909,5.090909091,4.636363636,5.363636364,4.363636364,4.727272727,6.727272727,9,11.45454545,10.72727273,8.909090909
MZ0106,137.5153846,148.1923077,140.9384615,321.7230769,338.4923077,354.6,205.4230769,174.5923077,173.2230769,114.9615385,51.00769231,9.638461538,9.107692308,32.42307692,36.65384615,24.13846154,14.81538462,10.6,8.638461538,7.792307692,6.153846154,6.415384615,6.169230769,6.961538462,6.392307692,6.323076923,9.569230769,10.79230769,12.67692308,7.715384615,4.9
MZ0107,114,167.1632653,159.3469388,332.0816327,328.5510204,320.0408163,114.0612245,116.5102041,108.5306122,99.34693878,30.48979592,10.85714286,8.897959184,22.2244898,24.06122449,16.79591837,10,7.959183673,6.346938776,6.102040816,4.632653061,4.265306122,3.551020408,3.346938776,4.204081633,5.959183673,10.71428571,10.55102041,9.142857143,3.510204082,1.734693878
MZ0108,175.4569892,182.1344086,149.0967742,310.0591398,369.0913978,411.8387097,231.2741935,152.4247312,102.827957,82.11827957,36.31182796,9.317204301,7.505376344,14.0483871,14.02150538,9.924731183,6.844086022,6.290322581,5.338709677,5.392473118,4.591397849,4.344086022,3.85483871,3.688172043,3.403225806,3.38172043,11.47311828,12.94086022,14.02688172,5.317204301,2.897849462
MZ0109,132.7936508,173.8095238,161.5714286,318.3015873,311.8253968,305.7301587,118.8571429,126.6190476,137.6984127,120.5873016,50.07936508,13.58730159,11.15873016,31.23809524,34.23809524,24.57142857,14.58730159,10.25396825,8.507936508,8.301587302,6.888888889,5.825396825,4.333333333,3.666666667,4.507936508,6.317460317,9.825396825,9.777777778,8.619047619,3.857142857,1.777777778
MZ0110,118.4579439,126.4392523,130.4579439,287.2056075,306.8691589,338.9345794,249.5420561,210.9345794,177.1308411,106.682243,43.69158879,25.17757009,20.51401869,55.27102804,55.79439252,38.41121495,20.14018692,11.4953271,9.560747664,9.364485981,8.53271028,9.056074766,8.429906542,8.971962617,8.056074766,7.654205607,8.785046729,10.81308411,12.56074766,9.158878505,5.289719626
MZ0111,203.0068729,202.0945017,152.6065292,265.6512027,321.6701031,403.6254296,256.1838488,161.9123711,55.36597938,39.80756014,19.04982818,5.024054983,4.570446735,6.740549828,6.908934708,4.611683849,3.139175258,2.467353952,2.410652921,2.817869416,3.046391753,2.695876289,2.166666667,1.998281787,2.508591065,2.280068729,12.43814433,16.25429553,19.47938144,11.19415808,8.692439863
MZ0112,170.0466321,169.2668394,121.8419689,228.5803109,286.111399,371.1450777,271.3419689,191.6632124,100.1062176,80.87564767,30.74870466,13.8238342,9.054404145,16.57772021,15.16839378,8.919689119,5.862694301,3.984455959,3.660621762,3.743523316,3.601036269,3.494818653,3.202072539,3.347150259,3.256476684,3.272020725,9.909326425,13.57253886,15.89896373,9.834196891,8.24611399
MZ0113,148.5208333,162.8125,136.9791667,319.9895833,381.8333333,420.1666667,276.1666667,186.7395833,141.4270833,94.05208333,33.59375,14.95833333,9.458333333,24.6875,24.90625,16.23958333,9.510416667,6.916666667,5.895833333,5.59375,4.625,4.90625,4.729166667,5.53125,4.802083333,4.520833333,8.510416667,9.854166667,11.61458333,5.572916667,3.666666667
MZ0114,214.0327103,233.4859813,180.4205607,297.7242991,382.1308411,452.771028,295.2242991,157.0654206,57.21962617,32.85981308,18.91588785,5.742990654,4.172897196,5.817757009,6.271028037,4.742990654,3.439252336,2.91588785,2.808411215,4.009345794,4.509345794,3.406542056,1.976635514,1.551401869,2.906542056,3.911214953,11.30841121,12.25233645,13.21028037,5.126168224,3.107476636
MZ0115,159.2413793,152.0775862,140.3189655,310.1982759,390.3362069,470.9137931,365.1637931,269.7327586,197.2327586,134.0431034,56.69827586,20.70689655,15.43103448,38.81034483,38.62068966,25.12068966,13.63793103,7.189655172,6.336206897,5.948275862,5.275862069,6.482758621,6.887931034,9.284482759,7.603448276,6.25862069,6.465517241,8.568965517,12.46551724,9.301724138,6.620689655
MZ0116,176.8231707,132.8292683,134.804878,238.3963415,277.2865854,317.6768293,288.4268293,266.945122,239.3597561,171.4634146,75.01219512,52.70121951,43.32926829,91.18902439,82.47560976,55.08536585,30.1097561,15.21341463,12.6097561,10.3902439,8.067073171,10.75609756,12.42682927,17.88414634,15.45121951,15.77439024,16.09146341,16.57317073,14.77439024,9.56097561,6.402439024
MZ0118,143.8316832,171.3762376,157.7326733,301.2376238,297.2772277,302.5148515,164.6435644,172.7425743,201.8415842,152.9207921,73.54455446,12.56435644,10.82178218,35.2970297,39.75247525,26.59405941,16.02970297,10.88118812,8.564356436,7.356435644,4.900990099,4.485148515,3.940594059,4.277227723,4.267326733,5.257425743,8.03960396,9.207920792,9.267326733,5.178217822,2.633663366
MZ0201,283,420.1081081,348.6486486,250.3513514,66.40540541,81.91891892,79.02702703,53,33.51351351,30.51351351,22.43243243,11.64864865,19,53.64864865,61.67567568,42.83783784,26.40540541,26.40540541,24.7027027,20.21621622,11.67567568,15.24324324,17.78378378,11.59459459,25.7027027,50.35135135,58.43243243,53.83783784,50.62162162,74.2972973,59.62162162
MZ0202,293.1447368,388.6315789,299.3684211,212.1907895,34,36.83552632,36.21052632,25.36184211,27.98684211,28.58552632,25.84210526,16.30263158,22.01973684,46.80921053,49.42763158,28.23684211,18.36184211,21.02631579,19.19078947,14.83552632,6.453947368,8.111842105,8.822368421,5.269736842,16.26973684,39.61842105,46.16447368,41.125,46.55263158,68.08552632,49.875
MZ0203,186.9591281,199.3514986,150.1226158,96.58855586,50.66212534,23.91553134,21.22070845,11.29155313,8.392370572,8.267029973,8.100817439,6.882833787,5.880108992,6.272479564,6.40599455,7.346049046,7.204359673,7.438692098,6.702997275,5.795640327,4.80653951,6.885558583,7.335149864,5.825613079,11.80381471,13.30245232,15.13079019,24.13079019,27.29427793,70.23705722,66.77384196
MZ0204,251.525974,302.2857143,228.6266234,171.9090909,23.48376623,28.23701299,26.17857143,21.26623377,17.78571429,17.47727273,15.99025974,12.1461039,13.7987013,17.02272727,16.1038961,11.06818182,9.055194805,11.56493506,11.34090909,9.516233766,5.551948052,6.607142857,6.886363636,4.49025974,10.63636364,20.91883117,24.81493506,26.48376623,34.65909091,77.82792208,68.47077922
MZ0205,245.3623188,348.7536232,275.173913,197.6956522,47.47826087,52.57971014,49.88405797,32.43478261,28.68115942,27.56521739,23.52173913,12.24637681,30.50724638,55.75362319,60.10144928,25.15942029,16.5942029,16.49275362,16.88405797,13.91304348,8.028985507,10.76811594,12.2173913,8.507246377,19.89855072,40.13043478,47.04347826,47.15942029,46.2173913,73.82608696,65.05797101
MZ0206,334.4318182,397.1363636,304.5909091,227.0909091,34.45454545,37.40909091,35.97727273,29.54545455,34.65909091,35.38636364,31.93181818,21.22727273,30.88636364,66.5,69.15909091,36.34090909,22.59090909,25.90909091,23.56818182,18.45454545,8.681818182,12.52272727,15.34090909,10.13636364,25.40909091,55.18181818,61.18181818,56.31818182,58.13636364,74.02272727,49.63636364
MZ0207,307,362.5,279.75,207.25,33.75,44.75,43.5,37,37.75,40,36.75,25.75,38.75,83.5,86,43,24.75,27,25.5,21.5,12.25,16.5,18.75,11.5,25.25,58,65,60.75,55,76.5,63
MZ0208,264.4853801,369.1695906,284.2105263,201.8070175,36.33333333,37.68421053,36.96491228,27.13450292,27.97660819,26.9122807,22.92397661,11.43859649,18.9122807,34.57894737,37.1754386,19.30409357,14.42105263,16.37426901,15.54385965,13.08187135,7.619883041,9.134502924,9.467836257,6.005847953,17.03508772,36.79532164,42.44444444,41.69590643,45.22222222,73.52631579,60.39766082
MZ0209,297.3176471,376.2588235,294.2941176,213.2823529,45.31764706,62.56470588,60.88235294,46.42352941,38.04705882,37.72941176,31.54117647,19.05882353,34.30588235,82.47058824,88.01176471,46.16470588,25.97647059,27.44705882,24.91764706,20.37647059,10.50588235,15.10588235,18.16470588,11.8,25.2,52.75294118,60.71764706,55.43529412,50.70588235,70.62352941,55.75294118
MZ0210,219.2944785,265.7147239,182.8895706,139.0644172,30.68711656,29.79141104,28.18404908,19.14417178,19.3803681,19.01533742,17.39570552,11.2791411,11.16564417,13.53374233,13.85889571,11.07361963,10.69325153,12.8006135,12.15644172,10.26380368,6.984662577,8.263803681,8.487730061,5.923312883,13.41411043,21.32515337,24.09815951,35.53374233,41.40797546,79.65644172,69.51840491
MZ0211,320.4636364,435.6545455,340.2454545,251.4545455,34.50909091,33.85454545,33.00909091,24.11818182,32.67272727,33.61818182,31.47272727,20.40909091,29.95454545,61.95454545,65.20909091,36.35454545,22.88181818,25.47272727,22.11818182,16.47272727,6.427272727,8.872727273,10.28181818,6.627272727,17.62727273,43.34545455,51.67272727,53.68181818,59.47272727,71.78181818,43.76363636
MZ0212,196.2134831,205.647191,151.0089888,97.20224719,25.48089888,16.78426966,14.25168539,10.7505618,8.487640449,7.898876404,7.959550562,7.125842697,6.640449438,7.546067416,7.411235955,7.406741573,7.458426966,8.242696629,7.078651685,5.734831461,3.833707865,5.404494382,5.582022472,4.2,10.23146067,12.73258427,14.86966292,23.80674157,26.97977528,72.04269663,62.9011236
MZ0213,228.0106762,228.7117438,166.0996441,110.088968,31.42348754,22.46975089,18.10676157,13.1886121,7.729537367,7.928825623,11.29893238,12.50177936,10.69039146,10.15658363,7.537366548,7.903914591,7.708185053,8.790035587,8.028469751,7.288256228,6.213523132,7.882562278,7.911032028,5.56227758,9.793594306,12.02846975,13.8683274,13,16.4341637,80.46263345,78.60142349
MZ0214,165.9004329,235.5887446,174.7056277,137.017316,63.37229437,50.2034632,45.13852814,19.62337662,16.34632035,16.03463203,13.28138528,6.207792208,11.35930736,15.0952381,17.1038961,10.90909091,8.277056277,7.181818182,7.597402597,7.008658009,6.350649351,7.753246753,8.264069264,6.19047619,16.89177489,24.54112554,27.8961039,40.93073593,45.17316017,83.99134199,77.34632035
MZ0301,241.4444444,319.1111111,288.6666667,213,25.88888889,34.11111111,36,41.66666667,48.44444444,51,42.11111111,28.66666667,43,40,32.33333333,10.33333333,14.66666667,28.66666667,26.55555556,21,8.333333333,10.33333333,13,8.111111111,11.88888889,23.22222222,27,33.88888889,61.11111111,64.44444444,44.33333333
MZ0302,225.0202703,333.7747748,284.3581081,238.4752252,28.02027027,28.90315315,25.04054054,24.02477477,20.75900901,19.54954955,16.47522523,13.81306306,21.56306306,31.26351351,31.5,17.96621622,12.68018018,16.00225225,15.51351351,12.97072072,6.265765766,8.083333333,9.351351351,6.425675676,10.77702703,17.57432432,19.82882883,18.16666667,36.59459459,65.53153153,58.5045045
MZ0303,336.5504587,315.706422,272.8990826,252.8440367,38.1559633,41.74311927,33.88073394,27.79816514,17.23853211,19.70642202,23.30275229,23.00917431,33.20183486,51.72477064,51.03669725,25.46788991,29.49541284,42.93577982,39.88990826,30.51376147,12.70642202,12.48623853,11.67889908,7.724770642,8.311926606,10.74311927,10.90825688,10.85321101,24.22018349,47.27522936,43.16513761
MZ0304,248.1111111,369.0888889,323.3777778,241.8,26,25.37777778,26.24444444,26.77777778,34.31111111,35.73333333,32.93333333,23.75555556,45.28888889,53.6,50.68888889,21.91111111,15.17777778,21.93333333,21.24444444,17.2,7.711111111,10.11111111,12.93333333,7.733333333,11.86666667,22.71111111,25.93333333,28.51111111,53.66666667,61.91111111,44.77777778
MZ0305,297.2328767,437.6575342,379.8630137,278.9041096,35.53424658,34.73972603,35,27.4109589,36.2739726,38.09589041,35.95890411,25.05479452,42.68493151,60.87671233,60.57534247,32.56164384,26.60273973,39.78082192,35.68493151,27.02739726,8.835616438,11.46575342,13.65753425,8.753424658,12.82191781,25.05479452,29.76712329,44.10958904,61.17808219,76.01369863,47.28767123
MZ0306,280.0852273,315.6647727,280.4147727,254.9147727,38.9375,51.32954545,40.74431818,35.63636364,16.94886364,19.11363636,20.23863636,19.5625,35.69886364,61.64204545,63.28409091,26.65340909,27.76136364,38.8125,36.42045455,26.52840909,9.375,9.642045455,9.511363636,6.517045455,8.977272727,11.60227273,12.14204545,10.56818182,26.19886364,50.39772727,45.61931818
MZ0307,278.484375,370.390625,334.3125,244.25,31.15625,31.765625,33.265625,30.375,40.0625,42.515625,40.125,29.59375,64.53125,74.171875,70.109375,27.390625,22.59375,34.625,31.828125,24.015625,8.234375,10.1875,12.640625,8.125,13.5625,26.328125,29.34375,36.3125,59.203125,67.9375,43.46875
MZ0308,275.5078809,263.9859895,224.5604203,192.971979,27.25744308,22.95621716,20.25569177,19.04028021,14.64098074,14.83012259,15.61996497,15.73204904,21.3502627,31.92469352,32.74781086,19.2854641,12.38353765,10.61471103,11.67075306,10.2854641,7.294220665,7.912434326,8.486865149,5.726795096,9.369527145,12.78809107,14.2591944,12.13485114,23.45183888,62.40980736,57.9737303
MZ0309,261.9302326,405.4147287,372.7015504,301.4573643,37.53100775,31.81782946,27.36434109,26.5,21.46124031,25.46511628,24.54263566,24.82945736,51.65116279,68.70155039,68.01550388,28.05426357,24.23255814,35.00387597,32.79457364,25.28682171,9.670542636,11.31782946,12.42248062,7.713178295,12.17054264,17.95736434,19.37209302,11.71705426,39.77906977,50.72868217,45.37209302
MZ0310,260.5882353,344.2941176,304.3529412,221.4705882,23.23529412,28.23529412,31.05882353,35.58823529,47.17647059,49.41176471,44.47058824,30.52941176,66.05882353,70.41176471,65.17647059,22.94117647,18.70588235,29.47058824,27.76470588,21.11764706,7.588235294,10.58823529,14.70588235,9.470588235,13.82352941,25.82352941,29.11764706,35.52941176,63.41176471,64.47058824,41
MZ0311,240.0551181,410.984252,373.6535433,291.1417323,39.18110236,36.18110236,34.08661417,33.4015748,33.37007874,39.37795276,34.96850394,28.82677165,45.62992126,51.22834646,47.48818898,20.1496063,19.4015748,33.22834646,31.2519685,24.51181102,9.133858268,12.20472441,15.17322835,9.322834646,9.94488189,15.2992126,17.00787402,21.86614173,53.4015748,57.99212598,46.11023622
MZ0312,264.3101045,428.1289199,365.0801394,274.6236934,31.47735192,30.31010453,29.69686411,21.24390244,26.74216028,25.728223,22.58188153,14.00348432,26.2543554,40.4738676,41.45644599,23.66550523,17.82578397,25.79790941,23.30662021,17.99303136,6.118466899,8.477351916,10.13240418,6.31358885,13.45296167,28.71080139,34.33449477,35.72125436,48.45993031,69.80836237,50.67247387
MZ0313,267.8814229,357.4743083,334.1541502,281.9367589,43.96837945,42.08695652,32.99209486,30.1541502,15.31225296,17.67193676,18.81027668,21.01185771,43.38339921,73.50988142,75.9486166,30.41501976,25.12648221,31.28458498,30.23715415,22.24110672,7.865612648,8.229249012,8.308300395,5.501976285,11.91699605,17.54545455,17.96837945,8.292490119,29.69565217,46.84980237,43.0513834
MZ0314,319.9904762,456.047619,379.7904762,279.447619,36.04761905,36.37142857,35.6,30.64761905,40.52380952,42.0952381,38.8952381,23.84761905,40.13333333,68.34285714,71.08571429,40.38095238,30.47619048,41,35.75238095,26.77142857,8.952380952,12.58095238,15.72380952,11.00952381,15.1047619,31.45714286,40.1047619,56.99047619,70.60952381,82.56190476,49.93333333
MZ0401,472.640884,346.5966851,223.9889503,194.6022099,93.55248619,89.33701657,62.27624309,49.44751381,13.75138122,13.62430939,14.89502762,15.87845304,15.05524862,16.84530387,16.25414365,16.62983425,16.08287293,16.13812155,16.0718232,16.60220994,16.70718232,14.6961326,11.78453039,8.08839779,9.408839779,18.92265193,25.5359116,26.91160221,41.78453039,78.77900552,81.55248619
MZ0402,510,456,399,337,92.5,64.5,57.5,51.5,27,26,30,28.5,31.5,37,31,12.5,14,14.5,12.5,14.5,17,16,14,10,13,36.5,42,32,27,125.5,121.5
MZ0403,567.4444444,411.952381,308.3492063,268.031746,71.19047619,56.57142857,47.36507937,43.0952381,24.65079365,24.41269841,30.93650794,30.9047619,37.15873016,48.55555556,44.20634921,23.87301587,33.01587302,38.3015873,32.0952381,28.88888889,25.47619048,21.96825397,17.79365079,12.61904762,12,20.92063492,22.76190476,18.74603175,22.84126984,114.5873016,110.6349206
MZ0404,272.2560386,211.0483092,121.1690821,122.8405797,62.57004831,72.68115942,53.11111111,46.28985507,7.260869565,7.628019324,7.845410628,8.062801932,7.299516908,6.93236715,6.115942029,6.603864734,8.140096618,9.45410628,8.657004831,6.763285024,5.352657005,6.405797101,7.884057971,9.202898551,8.077294686,6.623188406,5.608695652,8.579710145,19.60386473,46.86956522,44.91304348
MZ0405,507.0847458,366.7288136,306.1525424,267.3050847,74.20338983,60.71186441,54.03389831,48.42372881,23.50847458,22.96610169,29.55932203,30.72881356,37.16949153,48.47457627,44.74576271,19.3559322,23,24.05084746,22.16949153,26.10169492,27.42372881,23.61016949,18.22033898,11.62711864,12.20338983,25.93220339,32.81355932,26.10169492,26.59322034,112.6271186,109.2711864
MZ0406,284.160793,276.1409692,226.660793,196.8281938,43.69823789,34.67400881,29.64537445,23.7092511,13.40969163,13.72907489,19.22246696,21.75110132,21.8061674,29.12995595,28.05726872,20.73127753,15.96035242,15.05947137,15.83480176,15.00220264,12.10132159,12.04625551,11.74008811,9.235682819,10.81497797,15.57488987,16.27973568,13.16299559,21.88325991,63.30396476,61.13215859
MZ0407,349.0796178,278.0318471,175.0414013,162.0191083,61.92038217,72.12738854,55.40127389,46.67197452,12.42038217,12.42675159,13.91082803,13.60509554,13.37579618,15.47770701,15.04458599,15.00636943,17.2611465,18.70700637,18.22292994,17.2133758,16.72611465,15.49044586,14.21656051,13.58280255,12.74522293,16.55732484,18.63694268,17.89490446,29.12420382,62.52547771,62.76433121
MZ0408,562.7578947,355.4421053,283.5789474,217.6105263,103.6315789,75.49473684,58.57894737,45.32631579,17.58947368,17.08421053,20.53684211,22.10526316,22.77894737,29.43157895,29.93684211,29.23157895,30.46315789,31.01052632,26.58947368,28.53684211,28.01052632,23.54736842,17.78947368,11.81052632,14.62105263,43.06315789,62.81052632,54.72631579,73.28421053,133.8526316,136.1052632
MZ0409,310.4827586,260.3546798,193.6305419,165.7881773,52.24137931,51.33990148,45.4137931,37.68965517,13.03940887,12.49753695,18.90640394,25.22167488,28.46305419,46.22660099,49.49753695,39.48768473,29.03448276,23.96551724,23.83743842,24.76847291,22.31527094,22.51724138,21.23152709,20.60098522,19.1773399,25.4729064,25.12807882,21.55172414,37.33497537,90.81773399,87.30049261
MZ0410,471.2222222,312.1609195,246.7394636,201.045977,69.01532567,63.70114943,55.50957854,47.01532567,19.19923372,18.88888889,26.48659004,30.89272031,34.27586207,48.43295019,48.75862069,31.18390805,31.11877395,30.81226054,28.46743295,32.11877395,30.18007663,26.21072797,19.46743295,14.04980843,14.66666667,31.90038314,43.67816092,36.37547893,49.01149425,121.3639847,119.1340996
MZ0411,239.8776978,210.1294964,110.1007194,114.8992806,49.87769784,68.78417266,54.62589928,45.8705036,9.877697842,10.22302158,10.63309353,11.76978417,12.12230216,13.33093525,12.44604317,12.38129496,14.8057554,17.21582734,15.25179856,11.56834532,7.884892086,8.237410072,8.784172662,10.6618705,9.402877698,8.604316547,7.935251799,9.568345324,25.92086331,52.30215827,50.12230216
MZ0412,537,368.7007299,287.649635,238.4963504,80.31386861,57.48175182,43.94890511,36.80291971,16.89051095,16.81021898,21.39416058,22.64233577,22.86131387,29.35766423,29.13138686,26,30.23357664,30.7080292,26.27737226,30.54014599,31.72992701,25.78832117,19.10948905,11.91240876,12.82481752,34.7810219,43.38686131,37.86861314,41.55474453,119.4963504,118.1824818
MZ0501,224.3,308.1,180.7,124.8,46,68.4,62.9,32.5,15.2,13.8,11.4,4.4,20.6,29.9,32.2,11.8,8,6.9,6.7,6.4,6.2,9.1,12,10.3,24,45.5,56.3,58.5,68.9,84.5,78.9
MZ0502,255.1,368.2,242.1,162.1,55.2,74.1,70,38.9,22.4,20.2,16.1,5,21,30.9,32.7,11.4,8.4,8.3,7.8,6.9,6.1,10.3,14.2,9.9,21.9,42,51.7,53.5,63.5,78.1,68.5
MZ0503,218.8393574,366.0923695,289.0120482,213.5702811,56.59839357,56.32128514,50.4939759,31.01606426,21.46184739,20.86345382,16.52610442,6.987951807,16.75903614,25.81124498,28.58634538,14.4497992,10.84337349,10.74297189,11.35341365,10.17269076,7.823293173,10.75903614,12.437751,9.016064257,19.75100402,33.94779116,37.07228916,41.09236948,42.65863454,78.24096386,73.85542169
MZ0504,249.3829787,391.1276596,311.0957447,214,62.45744681,76.85106383,71.60638298,46.53191489,26.19148936,22.61702128,16.14893617,8.382978723,17.64893617,35.08510638,37.56382979,21.4787234,13.29787234,13.4787234,12.63829787,12.29787234,10.18085106,14.75531915,18.11702128,12.68085106,27.14893617,46.27659574,53.29787234,48.57446809,53.74468085,75.77659574,65.59574468
MZ0505,268.7428571,423.1714286,323.3142857,216.8857143,67.14285714,86,80.14285714,55.91428571,37.85714286,33.57142857,25.94285714,8.171428571,22.94285714,30.65714286,30.08571429,11.57142857,10.74285714,14.6,13.65714286,13.6,11.71428571,16.48571429,19.8,13.97142857,25.85714286,43.31428571,50.45714286,50.42857143,62.14285714,79.88571429,65.22857143
MZ0506,280.3288889,405.0666667,237.9955556,158.1244444,49.73333333,65.26222222,64.58666667,30.33777778,26.39555556,25.77333333,22.13777778,7.64,26.88,33.8,34.85777778,14.20888889,11.32888889,12.28888889,11.68444444,11.50666667,10.76444444,16.48888889,24.27111111,18.08444444,33.49333333,50.40888889,70.55111111,77.03555556,85.54222222,95.44,81.61333333
MZ0507,267.3455497,382.6858639,254.104712,169.2565445,64.03141361,71.15706806,65.42931937,36.28272251,17.4921466,15.08376963,10.83769634,3.858638743,14.10471204,25.41361257,29.5026178,16.07853403,12.33507853,11.69109948,10.56544503,8.989528796,6.664921466,10.2617801,12.96858639,9.905759162,21.38743455,35.37172775,40.54973822,39.52879581,52.61256545,84.80628272,85.7486911
MZ0508,280.8938053,397.7079646,243.3628319,169.6725664,75.55752212,97.9380531,86.3539823,40.65486726,16.37168142,14.94690265,11.84070796,4.955752212,17.96460177,25.9380531,27.87610619,12.24778761,9.044247788,8.247787611,7.902654867,7.902654867,8.168141593,12.46902655,16.61946903,12.99115044,30.2300885,54.08849558,69.57522124,68.17699115,82.44247788,99.15929204,95.69911504
MZ0601,275.96875,433.875,305.4375,207.65625,55.34375,72.03125,69.5,43.15625,36.46875,33.96875,27.78125,8.40625,30.84375,43.53125,45.3125,15.96875,12.875,14.40625,13.15625,12.03125,9.90625,14.625,18.5,14.46875,26.40625,45.6875,57,64.90625,74.75,90.53125,73.9375
MZ0701,195.7741935,235.1397849,133,244.2688172,251.2795699,291.5268817,149.7956989,84.1827957,68.65591398,73.13978495,69.6344086,53.33333333,32.88172043,29.95698925,22.69892473,24.29032258,36.13978495,46.13978495,39.21505376,29.62365591,17.77419355,15.90322581,13.38709677,11.90322581,9.88172043,5.268817204,3.806451613,4.935483871,9.774193548,8.462365591,6.333333333
MZ0702,215.4,224,123,262,326.8,364.6,189.4,101.4,73.2,70,47.8,29.4,10.4,10,8.2,10,7.6,6.6,7.6,5,4,3,3,8.6,9.6,7.6,9.8,10,12.4,7,7.6
MZ0703,187.8474576,210.8361582,156.6158192,300.4745763,331.3728814,383.5875706,210.6779661,158.1412429,101.3728814,69.61016949,38.79661017,11.30508475,6.858757062,12.14689266,13.51977401,11.34463277,9.813559322,9.519774011,7.248587571,5.389830508,3.322033898,3.039548023,2.937853107,3.677966102,4.519774011,5.282485876,11.11864407,12.79096045,13.40677966,6.333333333,3.079096045
MZ0704,127.2,173.6,98.2,199.4,219.8,220.2,138.2,78.2,82.2,31.6,19.6,9.4,4.6,2.2,0.2,0,0.6,1.2,1.2,0.6,0,0,0.8,0.8,0.8,0.8,1.6,1.6,1.8,1.4,2.2
MZ0705,226.9344262,234.6885246,157.9754098,283.3852459,362.3770492,428.6311475,250.204918,121.8770492,44.68032787,37.36065574,19.31967213,7.385245902,4.950819672,5.868852459,6.295081967,5.368852459,5.040983607,5.254098361,5.008196721,5.073770492,4.754098361,4.18852459,3.426229508,3.360655738,2.631147541,2.172131148,4.098360656,7.286885246,8.360655738,5.262295082,3.590163934
MZ0706,233.8571429,278.3492063,152.4444444,244.7936508,211.031746,229.3968254,99.87301587,56.66666667,54.84126984,70.06349206,67,55.65079365,31.38095238,26.85714286,19.44444444,22.03174603,38.71428571,52.44444444,44.28571429,32.92063492,19.04761905,17.49206349,14.61904762,12.3968254,10.03174603,5.142857143,3.333333333,4.53968254,9.666666667,8.698412698,6.507936508
MZ0707,165.6716418,186.0895522,104.0597015,215.4179104,235.8656716,277.6716418,141.238806,88.49253731,68.82089552,70.13432836,63.70149254,45.07462687,23.17910448,24.08955224,20.25373134,21.70149254,28.31343284,33.1641791,29.7761194,24.64179104,18.88059701,16.58208955,14.26865672,14.73134328,12.56716418,7.358208955,5.388059701,6,6.791044776,4.552238806,3.074626866
MZ0708,259.5144509,287.3294798,210.8901734,268.5953757,345.6184971,389.7803468,268.150289,117.017341,47.57803468,40.21387283,21.58959538,12.43930636,6.630057803,6.50867052,5.826589595,5.028901734,4.867052023,4.930635838,4.884393064,5.242774566,5.416184971,5.005780347,4.502890173,4.682080925,4.549132948,4.479768786,6.479768786,13.19075145,16.98843931,14.60115607,10.56647399
MZ0709,222,231,126.7142857,270.7619048,307.3809524,353.6071429,173.5119048,107.8928571,72.89285714,71.38095238,54.29761905,37.03571429,14.10714286,13.5952381,10.94047619,12.83333333,12.67857143,13.20238095,13.29761905,10.64285714,9.154761905,8.25,7.464285714,10.4047619,9.857142857,6.797619048,6.726190476,7.321428571,10.5952381,7.261904762,6.119047619
MZ0710,241.907563,249.6638655,157.4369748,273.512605,394.6344538,487.5168067,322.7184874,170.1554622,69.74369748,58.95798319,35.54621849,16.8907563,5.18907563,7.831932773,8.848739496,7.298319328,4.453781513,2.726890756,3.042016807,3.201680672,3.521008403,3.478991597,3.268907563,4.911764706,5.008403361,4.151260504,8.306722689,9.407563025,10.45798319,4.521008403,5.974789916
MZ0711,138.0988372,179.7732558,141.3372093,293.1569767,293.4011628,298.0930233,111.0813953,92.87790698,97.37790698,80.0872093,41.76162791,11.89534884,8.773255814,14.01744186,14.13372093,11.69186047,10.44186047,10.44767442,8.587209302,7.639534884,6.127906977,5.406976744,4.488372093,4.238372093,5.186046512,6.98255814,10.39534884,10.34883721,9.058139535,4.691860465,2.610465116
MZ0712,134.8915663,145.3855422,81.59036145,190.3253012,215.5301205,252.4337349,127.5542169,85.3253012,61.14457831,55.81927711,45.96385542,32.43373494,13.26506024,14.31325301,12.28915663,13.65060241,18.68674699,21.74698795,17.97590361,13.34939759,8.963855422,7.554216867,6.481927711,7.156626506,6.56626506,4.602409639,4.469879518,5.13253012,7.56626506,5.578313253,4.361445783
MZ0713,218.4113924,227.335443,119.778481,248.5506329,318.8797468,367.8607595,206.7278481,99.36075949,72.15189873,78.58860759,67.17721519,45.70253165,24.09493671,19.51265823,12.67721519,14.70886076,17.12658228,19.82278481,19.63291139,16.28481013,13.85443038,12.94936709,12.12658228,15,13.16455696,8,6.474683544,8.215189873,13.67721519,12.05063291,9.632911392
MZ0714,235.3125,273.4861111,152.5138889,244.3888889,226.4027778,245.3194444,114.0069444,59.01388889,52.25694444,71.59027778,66.64583333,56.88194444,30.13194444,24.27083333,16.25694444,19.22222222,32.3125,43.25,36.80555556,27.10416667,16.15972222,14.65972222,12.63888889,11.47222222,8.993055556,5.069444444,3.555555556,4.902777778,8.923611111,8.680555556,6.951388889
MZ0715,202.6730769,211.9615385,121.9423077,261.1346154,315.2596154,370.5865385,204.8942308,132.1538462,88.77884615,59.97115385,44.78846154,20.78846154,9.682692308,11.71153846,11.41346154,12.02884615,18.84615385,23.15384615,18.875,13.77884615,8.259615385,7.086538462,5.740384615,7.5,7.625,6.346153846,6.990384615,7.432692308,9.326923077,6.346153846,4.615384615
MZ0716,117.7534247,141.0342466,77,185.6232877,217.1712329,236.9589041,131.0890411,85.56164384,84.04794521,54.26027397,43.1369863,24.91780822,15.3630137,17.65753425,15.67808219,15.51369863,27.23972603,34.25342466,27.13013699,18.60273973,9.760273973,8.897260274,7.876712329,9.034246575,7.753424658,5.376712329,4.342465753,5.212328767,6.02739726,4.410958904,2.51369863
MZ0717,246.1621622,251.4594595,143.4594595,284.1216216,371.0540541,439.0945946,276.8175676,161.3581081,94.09459459,66.53378378,47.80405405,26.72972973,8.175675676,10.60810811,10.93918919,9.905405405,6.763513514,5.074324324,5.587837838,5.182432432,5.304054054,4.689189189,3.97972973,6.608108108,7.513513514,6.493243243,13.29054054,13.78378378,15.72297297,6.567567568,6.614864865
MZ0718,253.6111111,256.0777778,129.7555556,232.3777778,355.7111111,412.9777778,283.9333333,119.2666667,71.61111111,61.62222222,47.78888889,29.94444444,21.61111111,19.61111111,16.53333333,14.83333333,12.31111111,13.3,12.88888889,11.27777778,9.322222222,9.644444444,9.2,13.16666667,11.76666667,7.877777778,6.855555556,11.52222222,16.07777778,26.31111111,20.06666667
MZ0719,111.6470588,162.4117647,113.5882353,264.4117647,254.1764706,261.8823529,94.35294118,74.11764706,91.23529412,69.94117647,45.76470588,13.47058824,9,13.41176471,14.11764706,13.23529412,17.23529412,18.58823529,14.76470588,11.17647059,7.647058824,6.823529412,6.411764706,8.176470588,6.882352941,5.117647059,5.411764706,6.352941176,6.411764706,4,2.941176471
MZ0720,147.9454545,181.6363636,118.0727273,268.7272727,290.1272727,305,137.5272727,88.74545455,90.54545455,58.38181818,43.94545455,17.01818182,9.927272727,10.6,8.927272727,8.018181818,13.01818182,16.01818182,13.09090909,10.56363636,7.418181818,6.454545455,5.2,5.581818182,5.618181818,5.090909091,6.327272727,7.2,7.109090909,4.236363636,1.927272727
MZ0721,195.233871,217.7419355,143.1854839,274.7177419,317.5645161,375.3548387,221.3145161,155.5645161,94.26612903,57.0483871,35.54032258,15.77419355,8.387096774,10.0483871,9.467741935,8.903225806,10.47580645,11.28225806,10.10483871,8.774193548,7.467741935,6.112903226,4.717741935,5.661290323,5.935483871,5.620967742,8.653225806,9.451612903,9.870967742,5.330645161,3.258064516
MZ0722,235.8461538,245.8525641,132.1346154,276.2115385,357.5897436,405.6923077,223.5384615,112.6217949,73.82692308,70.58333333,49.26282051,30.69230769,13.17307692,12.02564103,9.25,10.10897436,7.897435897,7.230769231,8.032051282,6.487179487,6.08974359,5.833333333,5.564102564,9.730769231,9.403846154,6.737179487,8.596153846,10.50641026,12.29487179,9.474358974,7.769230769
MZ0723,258.5485232,257.7004219,147.8227848,271.5105485,390.4303797,454.257384,295.5147679,134.7637131,67.08016878,53.33755274,30.74261603,17.3628692,11.53164557,11.48945148,10.75949367,9.430379747,9.244725738,10.09704641,9.637130802,9.004219409,8.016877637,7.367088608,6.324894515,7.510548523,6.945147679,5.535864979,8.046413502,12.01265823,15.84388186,13.25738397,10.70464135
MZ0801,405.3958333,446.8402778,364.2222222,343.9375,328.1944444,350.5347222,266.2222222,119.1875,23.69444444,21.26388889,17.27777778,11.76388889,7.715277778,9.076388889,8.444444444,6.347222222,4.638888889,3.479166667,3.972222222,6.645833333,8.0625,6.381944444,4.645833333,3.4375,5.923611111,7.256944444,11.54861111,12.52777778,12.66666667,9.291666667,8.520833333
MZ0802,337.7647059,387.9411765,330,302.8235294,288.4117647,310.2941176,255.2352941,110.5882353,24.29411765,20.88235294,18.41176471,12.29411765,7.588235294,7.294117647,5.588235294,4.235294118,4.058823529,3.882352941,3.294117647,3.705882353,3.470588235,2.235294118,1.352941176,1.411764706,4.588235294,5.764705882,8.176470588,9.588235294,10.23529412,7.117647059,7.588235294
MZ0803,272.1677419,300.1935484,246.5548387,256.3419355,286.6645161,284.7935484,200.2258065,74.00645161,26.64516129,23.20645161,20.3483871,17.91612903,10.23225806,8.929032258,6.664516129,7.44516129,9.141935484,10.83870968,9.864516129,8.677419355,7.625806452,6.541935484,5.625806452,5.516129032,6.819354839,9.251612903,14.66451613,22.19354839,30.17419355,26.84516129,23.08387097
MZ0804,,,,,,,,,,,,,,,,,,,,,,,,,,,,,,,
MZ0805,,,,,,,,,,,,,,,,,,,,,,,,,,,,,,,
MZ0806,405.2228571,459.5828571,354.8285714,397.8685714,344.7542857,366.3428571,222.0742857,153.9542857,70.00571429,60.17714286,33.25142857,21.90857143,11.59428571,9.502857143,5.537142857,3.982857143,2.982857143,2.417142857,2.542857143,3.394285714,3.977142857,2.765714286,1.662857143,1.217142857,3.542857143,4.845714286,6.925714286,10.10857143,11.2,15.06857143,14.56571429
MZ0807,424.1632653,496.9931973,410.4795918,475.8163265,445.7993197,492.0340136,301.4285714,199.3061224,79.41836735,69.31632653,35.32993197,15.80612245,3.571428571,2.901360544,2.411564626,1.268707483,0.605442177,0.282312925,1.12585034,2.891156463,4.598639456,3.741496599,2.636054422,1.619047619,3.469387755,4.581632653,7.020408163,9.367346939,10.38435374,12.28911565,13.57482993
MZ0808,363.9627329,445.8913043,369.0900621,436.3385093,421.6180124,449.1273292,275.1987578,125.7111801,30.59627329,23.27950311,19.73602484,15.18012422,9.01552795,7.00621118,4.198757764,3.195652174,3.649068323,4.354037267,5.854037267,8.99068323,11.23291925,9.568322981,7.605590062,5.270186335,6.47826087,6.767080745,10.90062112,15.33229814,17.56521739,17.22670807,14.59937888
MZ0809,307.9735099,333.5761589,294.2384106,302.8344371,307.4304636,286.781457,197.4304636,75.8410596,19.47019868,22.15231788,20.67549669,18.66225166,9.894039735,7.205298013,4.013245033,3.841059603,5.105960265,6.40397351,7.304635762,9.569536424,11.0397351,8.927152318,6.78807947,5.086092715,7,8.841059603,21.69536424,23.69536424,26.17218543,13.17880795,13.33112583
MZ0810,261.3602812,290.5571178,225.7961336,374.4762742,419.0281195,509.0720562,293.2776801,161.1300527,25.43233743,22.53954306,18.63093146,12.55184534,5.687170475,4.25483304,2.439367311,1.404217926,1.123022847,1.057996485,1.961335677,2.924428822,3.961335677,3.532513181,2.919156415,2.237258348,3.107205624,3.959578207,10.0913884,14.63268893,17.25307557,13.09841828,9.184534271
MZ0811,300.5559701,368.6007463,301.1865672,409.0708955,444.2201493,498.0223881,306.4029851,132.0895522,29.46641791,24.89179104,18.61940299,12.65298507,6.570895522,6.164179104,5.358208955,4.589552239,4.429104478,4.447761194,5.208955224,6.369402985,7.425373134,6.563432836,5.73880597,4.71641791,5.328358209,5.906716418,12.67164179,16.86940299,18.86940299,15.16044776,11.94776119
MZ0812,358.6678571,381.8285714,288.9035714,426.0321429,398.1785714,477.8,249.6892857,165.4928571,43.91071429,28.1,22.41785714,13.83214286,9.517857143,5.764285714,1.667857143,0.946428571,1.8,2.689285714,3.214285714,4.342857143,5.225,4.471428571,3.496428571,2.507142857,3.164285714,3.510714286,6.178571429,12.10357143,15.70357143,12.74642857,7.153571429
MZ0813,299.9100529,315.3915344,248.4920635,242.1693122,290.968254,289.1481481,214.7619048,75.66137566,25.14814815,22.47619048,21.13227513,19.54497354,13.06878307,11.54497354,8.973544974,9.523809524,12.34920635,13.84656085,12.79365079,10.10582011,8.407407407,7.111111111,6.296296296,6.444444444,8.052910053,11.56613757,25.13756614,32.7037037,55.7037037,50.94708995,44.48677249
MZ0814,221.6106195,224.7522124,178.7241888,321.119469,314.0442478,391.2094395,199.8539823,140.240413,35.57669617,27.87168142,17.99115044,11.37315634,8.181415929,5.914454277,2.289085546,1.004424779,1.454277286,2.190265487,2.787610619,3.261061947,3.541297935,3.172566372,2.587020649,2.032448378,1.845132743,1.877581121,6.471976401,12.51327434,16.41740413,13.30235988,8.148967552
MZ0815,282.6889952,340.8038278,289.3684211,348.6602871,378.9808612,385.9904306,248.937799,97.92822967,33.76076555,28.34449761,21.59808612,17.73684211,9.148325359,7.377990431,5.162679426,5.282296651,6.181818182,7.540669856,7.578947368,8.071770335,8.244019139,7.205741627,6.205741627,5.344497608,6.320574163,7.837320574,12.54545455,17.43062201,18.15311005,13.72727273,10.90430622
MZ0816,425.7075472,476.6084906,369.1037736,480.8726415,469.509434,544.1273585,326.6698113,182.3915094,45.15566038,30.94339623,23.41509434,14.49056604,9.221698113,8.575471698,6.5,4.566037736,3.70754717,3.349056604,4.04245283,6.731132075,8.476415094,7.004716981,5.429245283,3.400943396,5.108490566,5.169811321,8.603773585,13.19811321,15.94811321,15.23584906,14.93867925
MZ0817,386.3515625,409.046875,345.484375,350.359375,356.8046875,354.6875,257.1640625,106.265625,23.125,22.09375,17,12.8828125,7.640625,7.8515625,7.1171875,6.1953125,6.09375,6.0234375,6.671875,10.453125,12.4453125,10.046875,7.3515625,4.953125,5.609375,6.140625,12.046875,15.21875,15.65625,9.046875,6.875
MZ0818,231.7767442,254.9348837,189.7534884,297.5953488,351.8930233,412.1534884,243.3395349,112.4930233,28.93488372,22.01395349,12.95813953,4.4,4.130232558,5.093023256,5.734883721,5.153488372,5.148837209,5.241860465,4.795348837,4.16744186,3.497674419,2.897674419,2.488372093,2.427906977,2.176744186,2.31627907,5.227906977,7.479069767,8.637209302,4.809302326,3.4
MZ0819,387.4259259,412.0411523,320.8539095,368.7839506,327.6316872,357.1028807,208.4053498,129.3600823,49.95884774,46.5781893,35.0473251,26.6255144,13.12345679,8.722222222,2.965020576,2.269547325,2.748971193,3.380658436,3.524691358,4.372427984,4.841563786,3.738683128,2.621399177,1.732510288,3.288065844,3.919753086,5.191358025,9.911522634,12.95061728,14.30864198,10.93209877
MZ0901,488.2368421,405.8508772,316.3201754,265,62.64473684,78.82894737,65.38157895,52.85087719,26.68859649,27.12280702,33.85087719,34.32017544,47.68859649,65.04824561,56.84649123,18.28070175,37.5877193,49.84210526,44.02192982,32.56578947,22.77631579,20.34649123,17.54824561,12.15789474,10.97368421,13.39912281,13.60087719,9.820175439,17.77631579,79.98245614,77.9254386
MZ0902,228.9,224.9555556,149.7555556,145.9555556,58.36666667,72.53333333,62.13333333,49.56666667,23.73333333,28.13333333,28.16666667,27.25555556,21.92222222,29.46666667,30.08888889,25.08888889,37.9,44.03333333,36.43333333,23.6,11.9,11.26666667,10.62222222,14.5,11.97777778,13.7,20.55555556,19.55555556,35.88888889,45.54444444,43.37777778
MZ0903,200.1269841,198.5634921,117.6190476,119.1587302,41.05555556,40.15079365,29.26984127,29.50793651,14.34126984,14.53174603,11.73809524,10.61904762,10.0952381,12.5952381,12.75396825,11.18253968,15.16666667,17.52380952,15.63492063,11.49206349,7.96031746,8.079365079,8.158730159,10.5,8.73015873,8.888888889,15.46825397,16.35714286,39.03174603,53.41269841,52.05555556
MZ0904,394.7201835,347.7889908,212.587156,203.0366972,67.65137615,88.17889908,68.52752294,62.53211009,44.84862385,53.77981651,56.78899083,52.52752294,56.50917431,70.26605505,63.84862385,29.13761468,53.58256881,66.51834862,55.8853211,36.51834862,21.86238532,19.96330275,18.02293578,20.75688073,18.02752294,25.16972477,23.83027523,19.22018349,27.73853211,76.35779817,72.58256881
MZ0905,394.1017544,312,255.722807,222.1508772,56.30526316,53.27719298,43.89473684,35.51929825,18.79649123,18.57192982,23.58596491,25.4245614,37.37192982,57.71578947,56.9754386,24.88421053,28.28070175,32.1754386,30.07719298,25.86315789,18.47017544,16.63157895,13.96491228,10.81754386,9.652631579,12.65964912,13.68421053,10.92982456,27.15438596,76.01403509,74.24561404
MZ0906,551.0416667,474.2916667,357.4166667,297.2916667,81.20833333,120.5,101.0416667,84.70833333,53.375,57.54166667,74.04166667,70.08333333,87.58333333,111.2083333,91.625,27.66666667,59.08333333,73.79166667,61.875,42.25,28.75,25.5,21.95833333,18,16.58333333,20.25,19.16666667,13.20833333,12.375,74.66666667,72.33333333
MZ0907,637.96,458.4533333,310.1333333,260.08,80.14666667,139.2666667,118.4133333,97.62666667,47.42666667,50.25333333,63.74666667,60.4,79.52,113.3333333,102.4533333,38.24,67.02666667,84.57333333,71.81333333,51.13333333,30.76,26.86666667,22.69333333,19.05333333,17.45333333,20.81333333,19.37333333,14.38666667,16.81333333,80.14666667,76.38666667
MZ0908,432.8193833,362.9118943,254.1894273,223.5947137,61.23788546,56.17621145,46.92070485,40.37885463,26.01762115,25.37885463,28.17621145,24.36123348,36.75770925,57.78414097,59.46696035,33.07048458,37.17621145,38.88105727,32.39207048,28.37444934,24.59471366,22.33039648,19.19823789,16.87665198,14.9339207,18.7092511,19.1938326,18.42290749,33.54625551,110.7577093,106.9295154
MZ0909,375.2926829,313.7764228,255.504065,233.2154472,42.30487805,44.91869919,36.73170732,29.79674797,19.19512195,20.09349593,22.66666667,22.27235772,34.3495935,54.26829268,53.86585366,23.88617886,22.70325203,26.8495935,25.62601626,21.31707317,12.44715447,11.93089431,10.9796748,7.853658537,7.808943089,11.4796748,11.52845528,10.57723577,21.04878049,53.93902439,53.08130081
MZ0910,255.5891473,236.4147287,159.4418605,149.4302326,55.68217054,67.13953488,61.29457364,49.34883721,22.50775194,24.00775194,23.75193798,19.47674419,19.95736434,26.93023256,27.53875969,20.36046512,30.02325581,34.87209302,30.06589147,21.34496124,14.65891473,13.32945736,12.1744186,14.10465116,12.73643411,15.53100775,16.46511628,15.42248062,29.63565891,55.36434109,53.29844961
MZ0911,357.1692308,350.2512821,215.7846154,227.3794872,86.77948718,106.2974359,67.6,67.99487179,52.8974359,69.99487179,71.8,68.61025641,61.21538462,73.16923077,66.84615385,32.44615385,48.13846154,57.27692308,48.81538462,31.77948718,17.73333333,16.4974359,15.02051282,14.47179487,13.69230769,21.35897436,22.42051282,18.31794872,25.24615385,60.64615385,56.67179487
MZ0912,541.32,400.94,247.3566667,220.99,73.03333333,114.18,98.17,79.76666667,43.27666667,47.25,56.67333333,49.05666667,65.76,97.48666667,94.50333333,39.72333333,63.63,80.44666667,67.51333333,46.80333333,25.67,24.02666667,21.52666667,23.74333333,21.62333333,31.84,29.08333333,23.33,24.27,85.27666667,80.36666667
MZ0913,539.9768786,378.0809249,261.433526,223.132948,58.42196532,79.47398844,68.22543353,59.65317919,27.29479769,27.37572254,33.41040462,32.63583815,42.80924855,58.62427746,52.27745665,21.41618497,34.1849711,44.37572254,38.32947977,34.39306358,28.51445087,24.30057803,18.75144509,14.97687861,14.16763006,17.92485549,15.61271676,12.47398844,20.61271676,100.7514451,97.10404624
MZ1001,322.5196078,278.9117647,214.1078431,225.6568627,263.4607843,245.2745098,176.372549,60.90196078,23.46078431,24.54901961,25.62745098,15.5,10.20588235,8.254901961,5.558823529,4.774509804,7.058823529,8.862745098,7.068627451,5.303921569,3.068627451,2.882352941,2.87254902,2.921568627,3.735294118,4.980392157,9.617647059,14.02941176,32.46078431,45.41176471,45.2254902
MZ1002,248.0226415,186.6415094,154.2415094,149.4188679,102.6075472,90.0490566,54.15849057,42.31698113,5.033962264,5.158490566,5.569811321,5.535849057,4.505660377,3.290566038,2.162264151,2.233962264,3.101886792,3.773584906,3.056603774,1.947169811,0.928301887,1.01509434,1.366037736,1.947169811,2.630188679,3.101886792,3.547169811,4.339622642,7.41509434,33.78113208,33.97735849
MZ1003,261.6738197,198.1244635,128.2875536,128.7639485,75.32618026,76.75107296,51.82832618,43.99570815,5.214592275,6.287553648,6.789699571,7.283261803,5.824034335,5.120171674,4.094420601,4.184549356,5.090128755,5.849785408,5.004291845,3.502145923,2.266094421,2.699570815,3.330472103,4.120171674,4.111587983,3.596566524,3.236051502,5.961373391,12.38197425,38.04291845,36.17167382
MZ1004,283.2013889,276.6736111,260.7326389,247.0034722,203.9583333,170.3055556,101.1423611,53.35763889,17.32986111,14.86458333,12.85763889,6.819444444,5.256944444,3.746527778,2.663194444,2.600694444,3.5625,4.232638889,3.833333333,3.038194444,2.295138889,1.770833333,1.440972222,1.503472222,4.319444444,6.069444444,17.66666667,24.14236111,42.35416667,64.57986111,62.59027778
MZ1005,300.8632075,238.995283,162.25,153.8820755,146.995283,135.6132075,97.70283019,45.63679245,15.09433962,13.41981132,13.16981132,10.08490566,9.066037736,9.028301887,8.009433962,7.740566038,10.03773585,12.01415094,10.41037736,7.712264151,4.693396226,4.018867925,3.41509434,3.103773585,4.962264151,6.485849057,9.174528302,12.39150943,28.33018868,49.5,50.70754717
MZ1006,219.6,164.8,123.4,124.8,90.8,87.6,60.8,41.8,4.2,3.4,4,4.6,4.2,3.8,3.2,2.8,3.6,4,3.2,2.2,1.2,0.8,0.4,0.4,1.4,2.6,3.2,5.4,11.4,33,32
MZ1007,256.762963,248.1259259,155.0962963,151.6962963,74.12592593,83.11111111,56.79259259,45.96296296,21.22222222,20.8,18.00740741,17.17037037,15.62962963,16.17037037,14.11851852,14.43703704,18.31851852,22.76296296,19.51111111,15.11111111,9.896296296,9.637037037,8.82962963,8.851851852,7.933333333,8.703703704,9.474074074,9.711111111,26.78518519,53.85925926,54.74814815
MZ1008,341.2263514,311.3344595,254.6891892,257.0743243,278.277027,261.9358108,179.1317568,74.96959459,38.29054054,34.47635135,29.30743243,10.35472973,7.084459459,6.712837838,6.043918919,5.72972973,8.429054054,10.45945946,8.807432432,6.682432432,4.280405405,3.510135135,2.898648649,2.614864865,5.344594595,8.219594595,13.65202703,20.08445946,46.34121622,66.51013514,63.07432432
MZ1009,216.1640379,162.7665615,171.6246057,161.6498423,110.8927445,65.04100946,28.48264984,19.3533123,6.930599369,6.271293375,4.981072555,3.403785489,1.501577287,0.804416404,0.296529968,0.239747634,0.230283912,0.280757098,0.211356467,0.129337539,0.059936909,0.066246057,0.094637224,0.432176656,1.047318612,2.479495268,4.96214511,6.548895899,15.76656151,48.39116719,48.71293375
MZ1010,275.1052632,205.1491228,138.4561404,124.3596491,82.71052632,73.71052632,50.39473684,35.65789474,4.245614035,4.350877193,5.140350877,5.745614035,5.622807018,5.587719298,5.078947368,4.736842105,5.061403509,5.219298246,4.201754386,2.649122807,1.315789474,1.228070175,1.324561404,1.850877193,2.403508772,2.938596491,3.026315789,4.833333333,9.51754386,32.44736842,33.77192982
MZ1011,277.9898132,233.2003396,222.7368421,228.4210526,173.7996604,132.8760611,57.82173175,37.17317487,8.867572156,10.00509338,10.54159593,9.293718166,5.470288625,3.865874363,2.544991511,2.838709677,3.786078098,4.526315789,3.859083192,2.565365025,1.432937182,1.210526316,1.251273345,1.59762309,3.383701188,4.998302207,10.10526316,12.237691,25.99830221,61.5704584,64.80814941
MZ1012,287.7378049,245.6585366,162.2378049,143.402439,110.9542683,107.6341463,77.13109756,44.90243902,12.88414634,12.30792683,13.9054878,14.90853659,13.11585366,11.82621951,8.542682927,9.512195122,13.42682927,17.3902439,14.18597561,10.19207317,5.679878049,5.490853659,5.125,4.704268293,5.868902439,7.844512195,9.786585366,11.67682927,24.95121951,50.31707317,48.95731707
MZ1013,250.7053571,234.25,137.4196429,131.1339286,50.14285714,66.97321429,55.75892857,55.38392857,29.97321429,30.95535714,25.33928571,22.57142857,18.82142857,21.76785714,20.875,18.66071429,29.47321429,35.95535714,29.82142857,19.05357143,8.598214286,8.857142857,9.232142857,13.20535714,10.96428571,11.82142857,29.83928571,30.66071429,54.40178571,55.08035714,54.40178571
MZ1014,363.3096774,323.683871,239.683871,233.7741935,259.3612903,238.0903226,169.7354839,63.43870968,30.75483871,30.74193548,34.37419355,26.62580645,19.42580645,16.07741935,9.625806452,9.651612903,15.75483871,20.45806452,15.97419355,11.89677419,6.929032258,5.8,4.903225806,4.503225806,7.225806452,13.57419355,19.78064516,22.72903226,44.84516129,58.8516129,56.49032258
MZ1015,257.4595186,225.5317287,249.2603939,237.7702407,174.3304158,108.3063457,38.42669584,20.46389497,7.050328228,6.929978118,7.214442013,5.949671772,3.223194748,1.75273523,0.628008753,0.382932166,0.542669584,0.715536105,0.525164114,0.301969365,0.115973742,0.083150985,0.083150985,0.881838074,2.564551422,6.153172867,9.643326039,14.62582057,35.78118162,80.35667396,78.59737418
MZ1101,345.5824176,323.6208791,175.1263736,240.9340659,380.5,442.6428571,334.6428571,127.0989011,61.72527473,66.53296703,50.31318681,35.76373626,23.60989011,20.95604396,18.60989011,17.95604396,23.97252747,30.6978022,28.81318681,26.71428571,22.45604396,20.25274725,16.81318681,14.53846154,12.11538462,9.076923077,11.86263736,20.42307692,43.52197802,47.02747253,41.94505495
MZ1102,277.8518519,338.5740741,245.537037,291.7592593,130.2777778,128.75,51.9537037,44.80555556,39.26851852,62.84259259,74.2962963,81.72222222,59.2037037,65.38888889,55.7962963,35.91666667,32.17592593,30.22222222,31.40740741,22.2962963,18.65740741,17.58333333,16.0462963,9.490740741,9.509259259,16.37037037,19.26851852,16.83333333,22.44444444,58.17592593,54.43518519
MZ1103,,,,,,,,,,,,,,,,,,,,,,,,,,,,,,,
MZ1104,336.3125,306.7890625,186.09375,213.640625,149.9921875,163.9453125,114.015625,85.7265625,65.0234375,69.078125,51.3984375,47.5,37.7109375,35.21875,28.2734375,30.90625,43.484375,59.3984375,54.21875,38.2265625,21.9453125,22.9609375,22.3671875,20.8671875,21.953125,30.359375,30.6015625,26.8125,60.296875,78.453125,72.046875
MZ1105,291.0559006,278.8664596,144.8385093,212.121118,277.9130435,314.6490683,215.4285714,89.69565217,62.00310559,77.03416149,65.64285714,49.1863354,26.65838509,22.3447205,17.58695652,19.30124224,25.91925466,34.54968944,30.88198758,27.08074534,21.13354037,18.83850932,15.64906832,14.52795031,11.7826087,7.335403727,5.49378882,10.19565217,23.18322981,36.39130435,36.02795031
MZ1106,316.4285714,321.8681319,223.6098901,240.7912088,317.2582418,346.989011,274.3846154,124.532967,82.16483516,80.55494505,58.46703297,34.92857143,19.56043956,19.60989011,17.6978022,18.08791209,21.62637363,25.52747253,23.7967033,22.28571429,19.85714286,17.03296703,13.64285714,11.73076923,12.2967033,14.75274725,21.7032967,36.62637363,61.08241758,60.05494505,48.46153846
MZ1107,360.9473684,350.7473684,187.2842105,235.6526316,359.6631579,405.8315789,326.6,120.4842105,79.33684211,94.03157895,73.83157895,53.07368421,32.21052632,31.08421053,29.65263158,27.70526316,33.94736842,41.66315789,38.24210526,31.11578947,22.34736842,21.26315789,18.74736842,17.06315789,13.93684211,11.94736842,20.07368421,28.82105263,61.28421053,68.70526316,60.85263158
MZ1108,249.6,341.56,262.04,309.64,163.32,154.36,82.68,66.52,62.2,94,89.32,100.08,51.32,46.48,35.28,34.56,34.24,36.12,39.92,28.04,21.36,18.08,15.28,7.56,9.12,18.68,21.92,16.64,27.48,59.84,59.24
MZ1109,307.9803922,323.627451,221.3137255,244.8039216,98.90196078,101.3921569,50.39215686,50.25490196,44.05882353,64.11764706,68.62745098,71.70588235,53.05882353,59.82352941,53.41176471,33.1372549,32.35294118,32.25490196,31.98039216,22,16.80392157,16.56862745,15.21568627,10.56862745,10.17647059,17.33333333,22.47058824,19.03921569,27.09803922,61.50980392,57.49019608
MZ1110,366.6130952,394.9047619,244.2857143,275.25,333.7083333,342.952381,271.4166667,96.08928571,75.68452381,75.17261905,63.28571429,49.38095238,43.25,37.80357143,27.33928571,29.77380952,39.18452381,50.64880952,44.06547619,31.29761905,19.29166667,20.26785714,20.11904762,19.58928571,17.38690476,19.75595238,29.07738095,44.85119048,88.07142857,94.29761905,79.48214286
MZ1111,245.6486486,351.5945946,234.4054054,301.5945946,183.2567568,192.7702703,92.2027027,68.08108108,54.71621622,63.81081081,50.68918919,52.51351351,43.98648649,35.35135135,21.87837838,26.87837838,35.08108108,53.86486486,47,33.72972973,16.09459459,17.56756757,15.95945946,9.378378378,8.27027027,8.797297297,8.621621622,7.337837838,25.56756757,49.95945946,53.32432432
MZ1112,253.1304348,360.7826087,249.0434783,297.6086957,160.6086957,164.4782609,84,80.43478261,67.86956522,99.2173913,78.2173913,86.91304348,48.13043478,39.60869565,27.82608696,28.13043478,32.04347826,37.7826087,38.60869565,26.34782609,16.7826087,15.13043478,14,7.913043478,8.47826087,14.34782609,16.17391304,12.08695652,27.26086957,58,58.60869565
MZ1113,335.1630435,310.173913,193.826087,212.5108696,263.5869565,270.0271739,214.423913,83.08152174,65.95652174,65.40217391,65.43478261,53.30434783,48.14130435,44.36956522,34.47282609,31.94565217,39.16847826,47.19021739,41.24456522,32.58152174,23.08695652,22.02173913,20.16304348,19.4076087,23.10326087,34.30434783,40.06521739,48.25,80.43478261,93.77173913,75.89673913
MZ1114,321.8019481,354.2954545,204.5681818,244.4155844,216.4545455,218.3636364,156.3798701,70.83441558,60.20779221,63.66233766,49.72727273,43.94480519,36.31493506,31.26623377,21.86688312,25.67207792,33.21428571,47.05194805,41.68181818,29.69480519,16.88961039,18.81168831,18.88961039,14.87337662,13.98701299,16.37662338,18.58441558,22.97402597,52.52922078,66.39285714,61.99675325
MZ1115,263.3409091,334.0852273,198.4659091,270.0454545,211.4318182,226.875,128.6534091,75.49431818,60.36363636,74.84090909,61.69318182,54.29545455,41.53409091,35.23863636,26.11931818,27.90340909,34.94318182,52.03409091,43.63068182,32.53977273,15.71590909,18.64204545,18.5625,12.54545455,10.44886364,8.721590909,8.181818182,8.352272727,24.94318182,38.88068182,42.47159091
MZ1116,310.3294118,325.4882353,233.4176471,256.2764706,326.8411765,345.6470588,258.0411765,86.9,50.24705882,50.85294118,54.84117647,42.67647059,31.59411765,26.65294118,19.02352941,19.48235294,25.75294118,30.51764706,27.61176471,21.86470588,17.08235294,15.05294118,13.21176471,12.00588235,13.35294118,20.85882353,27.65294118,45.26470588,83.94117647,101.0823529,81.84117647
MZ1117,299.0221402,301.1254613,209.2693727,219.4501845,106.6236162,118.8523985,79.74907749,68.66051661,50.19926199,68.12546125,64.06642066,64.42435424,38.26199262,41.33948339,37.35793358,33.64206642,40.61623616,44.98523985,41.87453875,26.93726937,16.24354244,16.37638376,15.94464945,13.08856089,12.29520295,19.95202952,23.39483395,19.49446494,37.31734317,69.84132841,69.25092251
MZ1118,325.7964602,269.2241888,154.9056047,163.020649,114.2772861,129.9616519,102.2212389,75.37758112,53.5899705,54.81120944,42.1120944,36.92920354,30.55752212,32.68436578,29.94985251,28.14749263,44,57.26253687,50.12684366,34.64306785,18.72566372,18.98525074,18.39233038,22.03244838,21.20648968,27.03539823,30.58702065,29.8820059,61.66961652,77.04424779,70.79351032
MZ1119,312.1512605,320.9915966,159.1512605,218.210084,284.3361345,317.5042017,242.5882353,90.8907563,62.78991597,91.51260504,76.09243697,57.37815126,34.43697479,33.19327731,33.98319328,29.65546218,36.27731092,46.51260504,41.32773109,31.75630252,19.41176471,19.63865546,18.1092437,16.25210084,12.47058824,8.924369748,9.554621849,12.01680672,35.69747899,44.45378151,47.67226891
MZ1120,256.1860465,352.872093,229.8953488,295.6395349,176.9418605,180.5697674,85.3255814,66.06976744,55.51162791,66.81395349,50.23255814,52.90697674,41.72093023,34.8372093,24.1744186,30.75581395,39.34883721,58.43023256,53.20930233,36.18604651,15.65116279,16.11627907,15.27906977,9.151162791,8.046511628,8.895348837,8.848837209,7.546511628,29.1627907,54.22093023,56.02325581
MZ1121,343.971223,361.4892086,223.1726619,256.2877698,338.3021583,376.8489209,303.5395683,122.1582734,87.51798561,88.02158273,73.73381295,48.87769784,35.76978417,34.18705036,28.9352518,28.1942446,32.33093525,36.35251799,33.72661871,27.89208633,22.44604317,20.51079137,17.96402878,16.58992806,15.05755396,17.01438849,29.1942446,48.92086331,86.77697842,92.84172662,75.5323741
MZ1122,273.088,317.928,227.352,260.472,145.832,138.192,73.88,64.28,55.016,74.128,58.328,62.432,41.368,40.536,34.04,34.024,34.08,39.192,39.872,27.68,18.048,18.192,17.192,10.376,10.048,15.136,16.488,14.024,38.144,70.784,70.4
MZ1123,256.4786967,315.5989975,177.4210526,258.2756892,200.9097744,218.9699248,110.3032581,68.54636591,62.70426065,88.97994987,77.78446115,63.61654135,34.8320802,27.83458647,20.81954887,23.70927318,36.26315789,48.60902256,43.04260652,34.03508772,23.53132832,20.9924812,17.83709273,13.93483709,10.82957393,6.047619048,4.365914787,5.598997494,16.93483709,22.9122807,23.72180451